Date,Nuclear,Biomass,Net Imports,Large Hydro,Wind,*Embedded Wind,Solar,Coal,Gas,Storage
27-Feb ,7.52,2.08,2.478,1.19,2.62,0.7863,1.70,3.36,21.33,0.34
27-Feb ,7.52,2.09,2.476,1.18,2.62,0.7851,2.01,3.36,21.36,0.34
27-Feb ,7.60,2.09,2.492,0.92,2.43,0.7296,1.79,3.54,21.66,0.35
27-Feb ,7.76,2.09,2.455,1.01,2.59,0.7761,1.33,4.33,22.73,0.33
27-Feb ,7.76,2.09,2.495,1.18,2.81,0.8418,0.62,4.86,24.00,0.49
27-Feb ,7.77,2.09,2.493,1.40,2.88,0.8643,0.24,4.78,24.61,1.85
27-Feb ,7.77,2.09,2.491,1.36,2.89,0.8667,0.24,4.51,23.86,1.23
27-Feb ,7.76,2.09,2.51,1.34,2.96,0.8865,0.24,4.16,22.33,0.37
27-Feb ,7.76,2.09,2.54,0.99,3.00,0.9012,0.24,3.03,19.43,0.47
27-Feb ,7.87,2.10,2.503,0.93,3.07,0.9213,0.24,2.44,15.07,0.37
27-Feb ,7.87,2.08,2.783,0.85,3.08,0.9243,0.24,1.96,11.44,0.23
27-Feb ,7.93,2.09,2.942,0.84,3.05,0.9144,0.24,2.10,11.78,0.18
28-Feb ,7.91,2.09,2.932,0.75,3.01,0.9033,0.24,2.10,11.86,0.00
28-Feb ,7.91,2.09,2.969,0.75,2.90,0.8712,0.24,1.97,11.54,0.00
28-Feb ,7.91,2.09,2.978,0.76,2.97,0.891,0.24,1.94,11.01,0.00
28-Feb ,7.94,2.09,2.929,0.75,3.27,0.9813,0.24,1.99,10.01,0.00
28-Feb ,7.93,2.09,2.996,0.75,3.65,1.0941,0.24,2.31,10.48,0.11
28-Feb ,7.93,2.09,2.979,0.79,3.50,1.0491,0.24,2.54,14.65,0.22
28-Feb ,7.93,2.09,2.91,1.00,3.20,0.9612,0.48,2.98,19.77,0.59
28-Feb ,7.95,2.09,2.768,1.07,3.17,0.9498,0.72,3.06,19.93,0.33
28-Feb ,7.93,2.09,2.889,1.13,3.26,0.978,2.26,2.95,19.27,0.39
28-Feb ,7.90,2.08,2.556,1.13,2.70,0.81,3.52,2.98,19.32,0.33
28-Feb ,7.89,2.09,2.504,0.93,2.75,0.8262,3.93,2.96,19.53,0.50
28-Feb ,7.90,2.09,2.89,0.90,2.46,0.7377,3.55,2.95,19.82,0.70
28-Feb ,7.93,2.10,2.885,0.85,3.00,0.9006,3.04,2.96,19.42,0.43
28-Feb ,7.93,2.11,2.961,0.84,2.88,0.8652,2.38,2.96,19.37,0.93
28-Feb ,7.94,2.12,2.775,0.79,3.04,0.9105,1.75,3.41,20.16,0.34
28-Feb ,7.95,2.13,2.732,0.88,3.67,1.1004,1.12,3.83,21.44,0.19
28-Feb ,7.95,2.13,2.529,1.27,2.83,0.8475,0.50,3.92,23.82,0.87
28-Feb ,7.95,2.13,2.47,1.35,3.08,0.9225,0.21,4.19,24.87,1.55
28-Feb ,7.95,2.13,2.446,1.27,3.70,1.11,0.21,3.82,23.54,1.43
28-Feb ,7.94,2.12,2.503,1.23,3.58,1.0743,0.21,3.24,22.34,0.69
28-Feb ,7.96,2.12,2.456,1.08,3.34,1.0029,0.21,3.05,18.75,0.33
28-Feb ,7.96,2.12,2.54,0.92,3.35,1.0047,0.21,2.40,14.60,0.33
28-Feb ,7.96,2.12,2.818,0.72,3.27,0.9804,0.21,1.56,12.63,0.17
28-Feb ,7.95,2.12,2.917,0.76,3.12,0.936,0.21,1.46,12.35,0.17
01-Mar ,7.96,2.12,2.939,0.73,3.45,1.0353,0.21,1.46,12.28,0.00
01-Mar ,7.95,2.12,3.083,0.59,3.29,0.9879,0.21,1.41,11.56,0.00
01-Mar ,7.95,2.07,3.056,0.59,3.23,0.9702,0.21,1.45,11.57,0.00
01-Mar ,7.95,2.12,3.051,0.59,2.67,0.8004,0.21,1.45,11.60,0.00
01-Mar ,7.96,2.12,2.688,0.58,2.36,0.7065,0.21,1.56,13.21,0.00
01-Mar ,7.96,2.12,2.789,0.78,2.06,0.6174,0.21,1.78,17.17,0.32
01-Mar ,7.96,2.12,1.911,1.06,1.76,0.5268,0.34,2.76,21.96,0.65
01-Mar ,7.96,2.12,2.067,1.06,1.53,0.4575,0.47,3.28,22.98,0.65
01-Mar ,7.95,2.12,2.474,1.10,1.85,0.5559,1.50,3.28,22.76,0.37
01-Mar ,7.96,2.12,2.346,1.02,1.87,0.5607,2.61,3.14,22.16,0.38
01-Mar ,7.94,2.12,2.055,0.98,1.91,0.5733,3.13,3.13,22.28,0.38
01-Mar ,7.95,2.12,2.516,0.87,2.04,0.6117,3.13,3.02,22.41,0.21
01-Mar ,7.95,2.12,2.502,0.71,2.09,0.6267,2.75,2.69,22.30,0.03
01-Mar ,7.96,2.12,2.188,0.76,2.07,0.6204,2.39,2.87,22.52,0.02
01-Mar ,7.96,2.11,2.501,0.94,2.16,0.6465,1.83,3.05,21.73,0.16
01-Mar ,7.96,2.12,2.495,1.07,2.26,0.6786,1.14,3.63,22.87,0.61
01-Mar ,7.96,2.12,2.496,1.24,2.09,0.6282,0.48,4.03,24.33,1.31
01-Mar ,7.96,2.12,2.557,1.29,2.33,0.6981,0.57,4.36,25.44,1.66
01-Mar ,7.96,2.12,2.497,1.20,2.04,0.6129,0.24,4.11,24.70,1.36
01-Mar ,7.95,2.11,2.496,1.20,2.39,0.7182,0.00,3.42,23.41,0.41
01-Mar ,7.96,2.12,2.495,0.76,2.84,0.8514,0.00,3.02,19.20,0.35
01-Mar ,7.96,2.12,1.664,0.74,3.22,0.9648,0.00,2.36,15.50,0.29
01-Mar ,7.96,2.12,3.431,0.67,4.22,1.2663,0.00,1.42,10.91,0.17
01-Mar ,7.96,2.12,3.406,0.62,4.03,1.2081,0.00,1.39,10.61,0.14
02-Mar ,7.96,2.12,3.406,0.52,5.50,1.6494,0.00,1.36,9.13,0.00
02-Mar ,7.96,2.12,3.41,0.51,5.81,1.7415,0.00,1.27,8.06,0.00
02-Mar ,7.95,2.12,2.852,0.51,6.21,1.8624,0.00,1.27,7.45,0.00
02-Mar ,7.95,2.12,2.019,0.51,6.01,1.8027,0.00,1.34,7.98,0.00
02-Mar ,7.96,2.12,1.435,0.58,5.84,1.7523,0.00,1.77,9.67,0.00
02-Mar ,7.95,2.12,1.484,0.65,6.31,1.893,0.00,1.75,12.51,0.15
02-Mar ,7.95,2.12,3.039,0.95,6.87,2.0598,0.31,2.35,14.81,0.29
02-Mar ,7.95,2.11,2.988,0.93,7.31,2.1939,0.61,2.27,15.00,0.29
02-Mar ,7.94,2.06,2.485,0.87,7.20,2.1612,1.89,2.31,14.57,0.52
02-Mar ,7.96,2.12,1.505,0.81,7.26,2.1786,3.54,2.03,14.35,0.14
02-Mar ,7.95,2.12,1.523,0.72,7.35,2.2059,4.72,1.96,13.64,0.15
02-Mar ,7.95,2.02,1.693,0.70,7.22,2.166,5.29,1.92,13.14,0.14
02-Mar ,7.96,2.02,1.942,0.62,6.62,1.9857,5.24,1.74,12.52,0.14
02-Mar ,7.95,2.11,2.13,0.62,6.87,2.0595,5.26,1.80,12.81,0.27
02-Mar ,7.96,2.11,2.855,0.69,6.52,1.9569,4.10,2.14,13.18,0.32
02-Mar ,7.96,2.12,2.998,0.69,6.01,1.8027,2.54,2.81,16.81,0.27
02-Mar ,7.97,2.12,2.997,0.89,5.13,1.5378,0.89,3.46,20.48,0.29
02-Mar ,7.96,2.11,3.044,1.06,4.78,1.4337,1.27,3.54,22.33,1.67
02-Mar ,7.96,2.10,2.967,1.10,4.35,1.3056,0.44,3.29,22.12,0.92
02-Mar ,7.96,2.12,2.647,1.00,4.90,1.4697,0.00,2.66,20.75,0.53
02-Mar ,7.95,2.11,2.698,0.75,4.19,1.2576,0.00,2.42,18.02,0.45
02-Mar ,7.96,2.11,2.147,0.74,3.91,1.1739,0.00,1.94,14.25,0.30
02-Mar ,7.95,2.12,3.091,0.63,3.52,1.0572,0.00,1.10,10.98,0.22
02-Mar ,7.96,2.11,3.428,0.60,3.79,1.1382,0.00,1.26,10.75,0.15
03-Mar ,7.96,2.05,3.626,0.51,3.10,0.9309,0.00,1.26,11.72,0.00
03-Mar ,7.96,2.12,3.675,0.51,3.34,1.0008,0.00,1.26,10.92,0.00
03-Mar ,7.97,2.12,3.64,0.51,2.92,0.8772,0.00,1.27,10.83,0.00
03-Mar ,7.97,2.12,3.629,0.51,2.37,0.7122,0.00,1.27,10.89,0.00
03-Mar ,7.98,2.12,3.291,0.57,2.27,0.6795,0.00,1.45,12.30,0.00
03-Mar ,7.96,2.12,3.404,0.60,2.44,0.7323,0.00,2.07,15.02,0.25
03-Mar ,7.97,2.11,2.598,1.07,2.56,0.7692,0.00,2.69,20.69,0.51
03-Mar ,7.95,2.12,3.004,0.99,2.57,0.7719,0.21,3.38,21.81,0.62
03-Mar ,7.95,2.12,3.069,1.06,2.80,0.8391,0.43,3.65,22.05,0.59
03-Mar ,7.96,2.10,2.999,1.06,2.91,0.873,0.72,3.47,22.05,0.72
03-Mar ,7.96,1.47,2.997,0.98,3.07,0.9207,1.00,3.51,22.16,0.59
03-Mar ,7.95,1.47,2.994,1.09,2.66,0.7986,1.24,3.72,22.27,0.85
03-Mar ,7.96,1.47,2.956,0.93,2.67,0.8013,1.27,3.71,22.15,0.30
03-Mar ,7.97,1.47,2.982,0.70,3.51,1.053,1.25,2.97,21.48,0.29
03-Mar ,7.96,1.47,2.998,0.77,3.83,1.1484,1.08,2.88,20.26,0.42
03-Mar ,7.96,1.47,2.997,0.81,4.03,1.2075,0.70,3.43,21.53,0.29
03-Mar ,7.96,1.47,3.02,0.86,4.20,1.2612,0.23,4.09,22.33,0.44
03-Mar ,7.97,1.73,2.952,1.14,3.96,1.1877,0.35,4.35,22.27,1.18
03-Mar ,7.98,1.88,2.997,1.03,4.06,1.2168,0.12,3.76,21.72,0.42
03-Mar ,7.97,1.94,2.996,0.90,4.24,1.272,0.00,2.55,19.70,0.44
03-Mar ,7.97,1.94,2.995,0.80,4.46,1.3383,0.00,1.71,17.09,0.29
03-Mar ,7.97,2.11,3.081,0.74,4.53,1.3593,0.00,1.35,12.74,0.42
03-Mar ,7.97,2.12,3.033,0.63,4.60,1.3788,0.00,1.03,10.68,0.15
03-Mar ,7.96,2.12,3.293,0.64,4.44,1.332,0.00,1.04,9.52,0.21
04-Mar ,7.97,2.11,3.31,0.53,4.55,1.3644,0.00,1.04,10.27,0.00
04-Mar ,7.97,2.12,3.26,0.53,4.97,1.4919,0.00,1.04,9.37,0.00
04-Mar ,7.95,2.12,3.337,0.53,5.17,1.5513,0.00,1.04,8.07,0.00
04-Mar ,7.97,2.12,3.3,0.52,4.65,1.3938,0.00,1.04,7.81,0.00
04-Mar ,7.97,2.09,3.305,0.60,4.08,1.2249,0.00,1.04,8.49,0.00
04-Mar ,7.96,2.06,3.297,0.63,3.54,1.0611,0.00,1.04,9.43,0.16
04-Mar ,7.96,2.07,3.493,0.76,3.26,0.9786,0.21,1.03,11.01,0.32
04-Mar ,7.96,2.12,3.466,0.85,3.06,0.9183,0.42,1.16,13.79,0.30
04-Mar ,7.96,2.12,3.081,0.89,2.79,0.8361,1.69,1.55,15.34,0.31
04-Mar ,7.95,2.11,3.088,0.92,2.33,0.6987,3.04,1.59,15.32,0.38
04-Mar ,7.97,2.11,2.978,0.83,2.31,0.6933,3.87,1.59,15.23,0.29
04-Mar ,7.96,2.11,3.077,0.79,1.98,0.5949,4.01,1.59,15.05,0.49
04-Mar ,7.98,2.11,2.945,0.63,2.06,0.6192,4.01,1.44,14.94,0.30
04-Mar ,7.96,2.11,3.068,0.63,2.00,0.5988,3.69,1.34,14.23,0.41
04-Mar ,7.97,2.05,2.738,0.70,2.05,0.6144,2.65,1.34,15.52,0.35
04-Mar ,7.96,2.12,2.693,0.73,2.29,0.6873,1.38,1.37,17.23,0.31
04-Mar ,7.96,2.11,2.998,0.81,2.75,0.8235,0.56,1.97,19.43,0.65
04-Mar ,7.96,2.12,2.996,1.11,2.69,0.8079,0.69,2.12,20.19,1.83
04-Mar ,7.96,2.12,2.997,0.94,3.06,0.9168,0.28,1.96,19.48,1.24
04-Mar ,7.97,2.12,2.996,0.79,3.18,0.9534,0.00,1.64,17.91,0.25
04-Mar ,7.96,2.11,2.995,0.68,3.09,0.9264,0.00,1.04,15.60,0.32
04-Mar ,7.97,2.11,2.994,0.68,3.32,0.996,0.00,1.24,12.32,0.29
04-Mar ,7.96,2.11,2.933,0.61,3.75,1.1244,0.00,1.26,10.26,0.16
04-Mar ,7.97,2.11,2.939,0.61,3.66,1.0983,0.00,1.04,9.90,0.15
05-Mar ,7.95,2.11,3.105,0.57,3.53,1.059,0.00,0.71,9.92,0.00
05-Mar ,7.94,2.11,3.227,0.52,3.41,1.0221,0.00,0.71,9.24,0.00
05-Mar ,7.96,2.12,3.277,0.52,3.90,1.1691,0.00,0.72,7.98,0.00
05-Mar ,7.96,2.12,3.302,0.52,3.38,1.0137,0.00,0.71,7.56,0.00
05-Mar ,7.95,2.12,3.29,0.55,2.85,0.8562,0.00,0.71,7.95,0.00
05-Mar ,7.95,2.12,3.295,0.55,3.05,0.9162,0.00,0.77,8.72,0.00
05-Mar ,7.96,2.12,3.314,0.73,3.22,0.9657,0.26,0.64,8.62,0.18
05-Mar ,7.94,2.12,3.416,0.74,3.55,1.0653,0.51,0.78,10.37,0.36
05-Mar ,7.95,2.10,3.392,0.79,3.44,1.032,1.07,1.12,13.07,0.31
05-Mar ,7.96,2.12,3.329,0.90,3.11,0.9318,1.64,1.13,14.41,0.52
05-Mar ,7.96,2.12,3.213,0.79,3.22,0.9666,2.56,1.03,14.97,0.29
05-Mar ,7.96,2.12,3.202,0.75,3.27,0.981,2.92,1.03,14.93,1.02
05-Mar ,7.95,2.12,3.246,0.69,2.67,0.8022,3.00,1.23,15.63,0.30
05-Mar ,7.95,2.11,3.496,0.68,2.43,0.7275,3.00,1.39,15.56,0.41
05-Mar ,7.96,2.12,3.494,0.69,2.29,0.6876,2.36,1.75,16.39,0.18
05-Mar ,7.96,2.12,3.496,0.73,2.52,0.7554,1.47,2.27,17.87,0.17
05-Mar ,7.96,2.12,3.318,0.80,2.51,0.7527,0.53,2.76,19.98,0.29
05-Mar ,7.95,2.12,3.328,1.07,2.14,0.642,0.74,3.02,20.50,1.69
05-Mar ,7.97,2.11,2.965,1.11,2.74,0.8223,0.26,2.93,20.25,0.96
05-Mar ,7.96,2.03,2.995,0.75,2.90,0.8706,0.00,2.06,19.05,0.77
05-Mar ,7.96,2.03,3.042,0.67,2.56,0.7677,0.00,1.71,16.94,0.29
05-Mar ,7.94,2.03,3.25,0.63,2.88,0.8634,0.00,1.35,12.81,0.30
05-Mar ,7.96,1.95,3.337,0.50,3.22,0.9669,0.00,1.32,10.27,0.15
05-Mar ,7.96,1.96,3.106,0.56,3.27,0.9816,0.00,1.27,10.43,0.15
06-Mar ,7.96,1.97,3.675,0.52,3.25,0.9762,0.00,1.28,10.85,0.00
06-Mar ,7.96,1.96,3.669,0.52,2.82,0.846,0.00,1.28,10.65,0.00
06-Mar ,7.96,1.97,3.439,0.53,2.80,0.8406,0.00,1.28,10.63,0.00
06-Mar ,7.96,2.00,3.437,0.54,2.47,0.7398,0.00,1.30,10.64,0.00
06-Mar ,7.96,2.00,3.496,0.55,2.37,0.7116,0.00,1.45,11.46,0.00
06-Mar ,7.96,1.99,3.388,0.55,1.62,0.4848,0.00,2.12,15.96,0.13
06-Mar ,7.97,1.99,2.847,0.75,1.16,0.3465,0.45,2.64,21.67,0.26
06-Mar ,7.98,1.99,2.996,0.99,1.17,0.3516,0.91,2.80,22.10,0.54
06-Mar ,7.96,1.93,2.997,0.98,1.20,0.3597,2.37,2.58,21.61,0.89
06-Mar ,7.95,1.97,2.996,0.86,1.06,0.3189,3.78,2.66,21.04,0.48
06-Mar ,7.95,1.94,2.998,0.75,1.13,0.3393,4.35,2.45,21.36,0.31
06-Mar ,7.95,1.86,2.87,0.72,1.20,0.3606,4.19,2.33,21.60,0.37
06-Mar ,7.95,1.95,1.856,0.61,1.08,0.3237,4.04,2.40,21.71,0.32
06-Mar ,7.95,1.97,1.731,0.60,1.21,0.3621,3.64,2.45,21.69,0.17
06-Mar ,7.95,1.99,2.915,0.65,1.42,0.4245,3.16,2.68,20.52,0.18
06-Mar ,7.96,2.00,3.085,0.66,1.22,0.3654,2.06,3.36,22.67,0.27
06-Mar ,7.96,2.02,2.959,1.00,1.67,0.5016,0.75,4.19,23.72,1.01
06-Mar ,7.96,2.00,3.01,1.15,1.27,0.3795,1.03,4.77,24.75,2.02
06-Mar ,7.97,1.97,2.969,1.12,2.00,0.5991,0.37,4.35,23.80,1.58
06-Mar ,7.96,1.93,2.961,0.97,1.62,0.4857,0.00,3.89,22.62,0.76
06-Mar ,7.97,1.97,2.978,0.60,1.72,0.5157,0.00,3.07,19.90,0.29
06-Mar ,7.95,1.93,2.909,0.59,1.86,0.5574,0.00,2.34,15.84,0.44
06-Mar ,7.96,2.04,3.013,0.47,1.69,0.5079,0.00,2.12,12.62,0.15
06-Mar ,7.96,1.89,2.75,0.46,1.43,0.4278,0.00,2.19,13.45,0.22
07-Mar ,7.97,1.99,3.462,0.40,1.64,0.4929,0.00,1.86,12.44,0.00
07-Mar ,7.97,2.02,3.588,0.39,1.74,0.5205,0.00,1.80,12.16,0.00
07-Mar ,7.95,2.01,3.553,0.39,1.95,0.5844,0.00,1.80,11.65,0.00
07-Mar ,7.96,2.08,3.536,0.39,1.81,0.5415,0.00,1.80,11.42,0.00
07-Mar ,7.95,2.09,3.107,0.50,1.50,0.4497,0.00,2.09,12.89,0.00
07-Mar ,7.95,2.09,2.881,0.52,1.55,0.4662,0.00,2.41,16.60,0.23
07-Mar ,7.95,2.09,2.814,0.71,1.52,0.4545,0.51,2.64,21.61,0.45
07-Mar ,7.96,2.06,2.752,0.70,1.03,0.3096,1.01,2.66,23.08,0.30
07-Mar ,7.77,2.09,2.551,0.66,0.82,0.2451,2.35,2.81,23.07,0.30
07-Mar ,7.76,2.09,2.137,0.66,0.74,0.2229,3.69,2.82,22.39,0.31
07-Mar ,7.76,2.09,1.818,0.65,0.76,0.2283,4.35,2.90,21.66,0.30
07-Mar ,7.76,2.09,1.537,0.58,0.90,0.2697,5.45,2.90,21.61,0.31
07-Mar ,7.76,2.09,1.508,0.49,1.41,0.4233,5.12,2.69,21.23,0.35
07-Mar ,7.76,2.09,0.191,0.49,1.93,0.5799,4.36,2.73,21.83,0.60
07-Mar ,7.76,2.08,1.685,0.56,2.11,0.633,3.47,3.29,20.34,0.32
07-Mar ,7.76,2.01,1.857,0.70,2.51,0.7524,1.99,3.92,22.17,0.29
07-Mar ,7.75,2.01,2.615,1.02,3.21,0.9636,0.66,4.09,23.38,0.29
07-Mar ,7.52,1.97,2.966,1.23,4.07,1.2204,1.00,4.10,23.90,1.49
07-Mar ,7.53,2.05,2.925,1.04,4.43,1.3296,0.33,3.66,23.42,0.47
07-Mar ,7.52,2.05,1.749,0.87,4.63,1.3893,0.00,3.14,21.55,0.35
07-Mar ,7.53,2.08,1.626,0.64,4.81,1.4442,0.00,2.60,17.57,0.44
07-Mar ,7.56,2.08,1.285,0.62,4.75,1.4256,0.00,2.27,13.86,0.30
07-Mar ,7.70,2.08,3.454,0.60,5.01,1.5027,0.00,1.84,7.37,0.22
07-Mar ,7.75,2.08,3.457,0.60,5.27,1.5804,0.00,1.78,7.35,0.15
08-Mar ,7.72,2.09,3.456,0.49,5.49,1.6476,0.00,1.77,7.06,0.00
08-Mar ,7.71,2.09,2.559,0.50,5.37,1.6107,0.00,1.79,7.64,0.00
08-Mar ,7.72,2.09,2.653,0.52,5.32,1.5948,0.00,1.82,6.96,0.00
08-Mar ,7.72,2.09,2.28,0.53,5.30,1.5906,0.00,1.82,6.94,0.00
08-Mar ,7.68,2.09,3.076,0.59,5.48,1.6446,0.00,2.01,7.22,0.04
08-Mar ,7.69,2.09,3.322,0.67,5.00,1.5006,0.00,2.32,10.53,0.08
08-Mar ,7.70,2.09,2.139,0.89,4.98,1.4937,0.14,2.70,16.99,0.41
08-Mar ,7.76,2.00,2.641,1.02,4.70,1.4094,0.28,3.09,17.50,0.55
08-Mar ,7.75,2.01,2.972,0.91,4.95,1.4862,0.76,3.23,17.39,0.58
08-Mar ,7.76,2.00,2.994,0.93,5.26,1.5783,1.56,2.89,16.78,0.29
08-Mar ,7.76,1.94,2.889,0.73,5.48,1.6452,2.33,2.90,16.02,0.33
08-Mar ,7.76,1.99,2.964,0.62,5.98,1.7931,3.01,2.90,15.20,0.14
08-Mar ,7.76,1.96,2.976,0.50,5.45,1.6356,3.04,2.98,15.28,0.18
08-Mar ,7.77,1.95,2.996,0.54,5.07,1.5219,2.57,3.02,15.58,0.14
08-Mar ,7.67,2.09,2.996,0.55,5.14,1.5423,2.04,3.10,15.38,0.16
08-Mar ,7.52,2.07,2.996,0.56,5.11,1.533,1.50,3.21,17.79,0.14
08-Mar ,7.51,2.05,2.983,0.83,4.78,1.434,0.76,3.12,20.57,0.45
08-Mar ,7.52,2.06,2.989,1.12,4.42,1.326,0.75,3.51,22.06,1.86
08-Mar ,7.74,2.09,2.948,1.04,4.39,1.3173,0.38,3.39,21.74,0.54
08-Mar ,7.76,2.09,2.97,0.88,4.04,1.2114,0.00,2.83,20.56,0.29
08-Mar ,7.76,2.09,3.012,0.62,3.99,1.1967,0.00,2.48,17.23,0.33
08-Mar ,7.76,2.12,2.589,0.63,4.23,1.2702,0.00,1.95,13.00,0.29
08-Mar ,7.76,2.13,3.311,0.63,4.49,1.3458,0.00,1.67,8.76,0.16
08-Mar ,7.75,2.12,3.175,0.62,4.72,1.4169,0.00,1.86,8.66,0.15
09-Mar ,7.72,2.12,1.928,0.60,4.61,1.3827,0.00,1.78,10.68,0.00
09-Mar ,7.49,2.10,2.08,0.62,5.29,1.5864,0.00,1.82,9.24,0.00
09-Mar ,7.43,2.09,1.498,0.60,5.54,1.6611,0.00,1.79,8.56,0.00
09-Mar ,7.43,2.00,1.364,0.61,5.84,1.7529,0.00,1.66,7.98,0.00
09-Mar ,7.57,2.09,0.629,0.62,6.30,1.8885,0.00,1.96,8.65,0.00
09-Mar ,7.66,2.09,1.943,0.64,6.54,1.9626,0.00,2.02,10.12,0.15
09-Mar ,7.67,2.09,0.536,0.72,6.42,1.9257,0.53,2.57,15.90,0.29
09-Mar ,7.67,2.09,0.982,0.84,6.40,1.9191,1.06,2.45,15.40,0.29
09-Mar ,7.63,2.06,1.683,0.83,5.58,1.6734,2.74,2.46,14.62,0.36
09-Mar ,7.61,2.09,0.898,0.84,5.43,1.6302,4.01,2.41,13.89,0.32
09-Mar ,7.58,2.09,1.256,0.80,5.12,1.5372,5.29,2.45,12.81,0.31
09-Mar ,7.58,2.09,1.708,0.79,4.44,1.3314,6.36,2.39,12.85,0.33
09-Mar ,7.58,2.09,2.4,0.74,3.96,1.1892,6.65,2.39,12.30,0.30
09-Mar ,7.58,2.08,2.799,0.82,3.74,1.1232,6.18,2.83,12.29,0.41
09-Mar ,7.58,2.07,3,0.80,2.75,0.8244,5.08,3.14,14.56,0.60
09-Mar ,7.57,2.09,2.999,0.85,2.43,0.7281,3.00,3.83,18.03,0.33
09-Mar ,7.57,2.09,3.01,0.99,2.05,0.6141,1.11,3.59,20.36,0.38
09-Mar ,7.57,2.09,3.01,0.99,2.05,0.6141,1.50,3.59,20.36,0.38
09-Mar ,7.57,2.09,3.01,0.99,2.05,0.6141,0.56,3.59,20.36,0.38
09-Mar ,7.34,2.09,2.994,1.19,0.87,0.2601,0.00,3.42,22.81,0.88
09-Mar ,7.34,2.09,2.693,0.76,0.68,0.2031,0.00,3.41,20.64,0.29
09-Mar ,7.34,2.09,2.854,0.74,0.55,0.1638,0.00,2.56,16.97,0.37
09-Mar ,7.34,2.09,3.124,0.71,0.56,0.1686,0.00,1.87,14.83,0.15
09-Mar ,7.35,2.09,3.193,0.70,0.75,0.2235,0.00,1.56,14.34,0.18
10-Mar ,7.34,2.09,3.194,0.59,1.08,0.3231,0.00,1.56,13.71,0.00
10-Mar ,7.33,2.09,3.193,0.61,1.39,0.4176,0.00,1.55,12.81,0.00
10-Mar ,7.34,2.12,3.194,0.60,1.40,0.4203,0.00,1.56,11.99,0.00
10-Mar ,7.36,2.12,3.328,0.62,1.75,0.5253,0.00,1.57,10.77,0.00
10-Mar ,7.34,2.09,2.378,0.62,1.86,0.5571,0.00,1.57,12.61,0.00
10-Mar ,7.34,2.09,1.86,0.64,1.73,0.5193,0.00,1.97,16.13,0.31
10-Mar ,7.35,2.09,2.444,0.91,2.01,0.6021,0.23,2.63,19.71,0.62
10-Mar ,7.34,2.09,2.996,1.05,2.14,0.6405,0.45,2.70,20.53,0.49
10-Mar ,7.34,2.11,2.996,0.95,2.12,0.6372,0.98,2.86,20.98,0.33
10-Mar ,7.34,2.09,2.996,0.89,2.12,0.6366,1.52,2.75,20.24,0.45
10-Mar ,7.35,2.09,2.991,0.78,2.07,0.6198,2.06,2.86,20.07,0.54
10-Mar ,7.34,2.09,2.994,0.69,2.12,0.6348,2.34,2.88,20.33,0.30
10-Mar ,7.34,2.01,3.061,0.64,1.97,0.5919,2.21,2.91,20.08,0.29
10-Mar ,7.34,2.08,3.168,0.65,2.08,0.6225,1.86,2.96,19.45,0.48
10-Mar ,7.35,2.08,3.244,0.73,1.99,0.5967,1.34,3.07,19.31,0.30
10-Mar ,7.34,2.09,3.031,0.72,1.79,0.5376,0.83,3.08,21.11,0.76
10-Mar ,7.35,2.09,2.985,1.21,1.83,0.5484,0.37,3.08,22.16,0.98
10-Mar ,7.34,2.11,3.012,1.36,2.17,0.6522,0.42,3.06,22.64,1.59
10-Mar ,7.34,2.12,2.992,1.32,2.50,0.7509,0.18,3.05,21.66,1.02
10-Mar ,7.34,2.12,2.536,1.21,2.63,0.7896,0.00,2.79,20.28,0.55
10-Mar ,7.34,2.11,3.036,0.69,2.47,0.7422,0.00,2.71,17.13,0.44
10-Mar ,7.35,2.12,3.136,0.63,2.56,0.7668,0.00,2.56,13.27,0.29
10-Mar ,7.35,2.12,3.166,0.59,2.49,0.7464,0.00,1.54,11.08,0.22
10-Mar ,7.34,2.11,3.11,0.58,2.54,0.762,0.00,1.11,10.98,0.15
11-Mar ,7.34,2.12,3.244,0.53,2.57,0.7707,0.00,1.14,10.33,0.00
11-Mar ,7.35,2.12,3.592,0.53,2.66,0.7965,0.00,1.15,9.38,0.00
11-Mar ,7.34,2.12,3.541,0.51,2.59,0.777,0.00,1.13,8.90,0.00
11-Mar ,7.23,2.12,2.8185,0.56,2.49,0.74775,0.00,1.15,9.20,0.00
11-Mar ,7.12,2.12,3.541,0.60,2.33,0.699,0.00,1.15,9.02,0.00
11-Mar ,7.11,2.12,3.433,0.62,1.91,0.5727,0.00,1.18,10.68,0.37
11-Mar ,7.12,2.12,3.266,0.78,1.69,0.5064,0.22,1.03,12.78,0.37
11-Mar ,7.34,2.07,3.048,0.83,1.48,0.4437,0.43,1.12,15.93,0.64
11-Mar ,7.35,2.06,3.005,0.88,1.15,0.3453,0.97,1.13,17.95,0.54
11-Mar ,7.35,2.05,2.969,0.90,0.87,0.2622,1.53,1.12,18.06,0.52
11-Mar ,7.35,2.08,2.97,0.86,0.73,0.2196,2.28,1.12,18.30,0.29
11-Mar ,7.35,2.09,2.993,0.80,0.75,0.2256,2.83,1.13,18.11,0.29
11-Mar ,7.35,2.15,2.993,0.74,0.64,0.1914,2.86,1.09,17.84,0.31
11-Mar ,7.35,2.15,2.993,0.72,0.52,0.1569,2.45,1.10,17.70,0.29
11-Mar ,7.27,2.15,3.058,0.72,0.52,0.1566,1.85,1.08,17.77,0.32
11-Mar ,7.12,2.15,3.179,0.68,0.64,0.1911,1.22,1.34,19.01,0.29
11-Mar ,7.10,2.15,3.271,0.86,0.71,0.2121,0.49,1.62,20.97,0.32
11-Mar ,7.11,2.15,3.472,1.19,0.84,0.2514,0.61,1.64,21.60,1.68
11-Mar ,7.34,2.15,3.059,1.15,1.01,0.3015,0.24,1.53,21.24,1.05
11-Mar ,7.35,2.15,2.995,1.08,1.15,0.3456,0.00,1.35,19.93,0.29
11-Mar ,7.35,2.11,3.116,0.71,1.14,0.3411,0.00,1.22,16.96,0.29
11-Mar ,7.35,2.15,3.468,0.68,1.11,0.3336,0.00,1.02,14.09,0.29
11-Mar ,7.36,2.15,3.51,0.58,1.02,0.3069,0.00,1.14,12.09,0.19
11-Mar ,7.35,2.15,3.563,0.51,0.85,0.2559,0.00,1.14,11.03,0.09
12-Mar ,7.35,2.15,3.59,0.48,0.99,0.2958,0.00,1.14,11.28,0.00
12-Mar ,7.35,2.15,3.59,0.47,0.77,0.231,0.00,1.25,10.85,0.04
12-Mar ,7.12,2.15,3.41,0.46,0.67,0.2007,0.00,0.91,10.92,0.00
12-Mar ,7.11,2.10,3.21,0.50,0.61,0.1842,0.00,0.91,10.67,0.00
12-Mar ,7.11,2.15,3.327,0.57,0.88,0.2646,0.00,0.91,10.24,0.00
12-Mar ,7.14,2.15,3.38,0.60,0.84,0.2511,0.00,1.16,11.01,0.00
12-Mar ,7.33,2.11,3.379,0.64,0.79,0.2382,0.21,1.07,12.50,0.20
12-Mar ,7.34,2.15,3.461,0.67,0.80,0.2403,0.43,1.04,13.14,0.40
12-Mar ,7.34,2.15,3.475,0.80,0.74,0.222,0.96,1.13,15.76,0.30
12-Mar ,7.34,2.13,3.459,0.87,0.80,0.2412,1.60,1.03,16.66,0.30
12-Mar ,7.35,2.06,3.475,1.13,1.07,0.3213,2.25,1.04,16.17,0.30
12-Mar ,7.35,2.15,3.406,1.01,1.10,0.3306,2.76,1.13,16.19,0.29
12-Mar ,7.34,2.15,3.338,0.78,1.39,0.4173,2.74,0.78,16.16,0.31
12-Mar ,7.12,2.15,3.474,0.67,2.31,0.6939,2.45,0.78,15.29,0.30
12-Mar ,7.11,2.15,3.461,0.70,2.31,0.6915,1.78,1.05,15.57,0.35
12-Mar ,7.15,2.15,3.441,0.70,1.97,0.5904,1.03,1.13,17.82,0.34
12-Mar ,7.17,2.15,3.246,0.76,1.97,0.5901,0.52,1.13,20.18,0.28
12-Mar ,7.38,2.15,2.996,1.25,2.40,0.7206,0.52,1.13,21.12,1.32
12-Mar ,7.38,2.16,2.995,1.27,2.52,0.7545,0.26,1.13,20.58,1.30
12-Mar ,7.38,2.16,2.995,1.24,2.38,0.7125,0.00,1.04,19.37,0.37
12-Mar ,7.42,2.16,2.992,0.91,2.31,0.693,0.00,1.13,16.38,0.30
12-Mar ,7.47,2.16,3.048,0.72,2.09,0.6279,0.00,1.10,12.98,0.30
12-Mar ,7.47,2.16,3.159,0.63,2.32,0.6945,0.00,0.91,10.75,0.15
12-Mar ,7.41,2.16,3.232,0.59,2.73,0.8199,0.00,0.91,10.10,0.15
13-Mar ,7.11,2.10,3.362,0.54,2.61,0.7842,0.00,0.95,10.10,0.00
13-Mar ,7.13,2.16,3.258,0.53,3.08,0.9237,0.00,0.91,9.42,0.00
13-Mar ,7.12,2.16,2.21,0.52,3.32,0.9954,0.00,0.91,9.98,0.00
13-Mar ,7.29,2.12,2.257,0.51,3.83,1.149,0.00,0.99,8.93,0.00
13-Mar ,7.34,2.10,2.236,0.54,4.09,1.2279,0.00,1.19,9.53,0.00
13-Mar ,7.35,2.09,3.027,0.58,3.65,1.0953,0.00,1.80,12.22,0.16
13-Mar ,7.34,2.04,3.005,0.77,4.39,1.3164,0.73,2.64,16.02,0.31
13-Mar ,7.35,2.09,2.943,0.95,4.20,1.2606,1.45,2.68,16.04,0.53
13-Mar ,7.35,2.09,3.005,1.01,4.08,1.2249,3.06,2.71,15.62,0.32
13-Mar ,7.35,2.09,2.968,1.06,4.30,1.2885,4.47,2.72,14.01,0.29
13-Mar ,7.34,2.09,2.992,0.89,3.62,1.0863,5.25,2.35,14.42,0.32
13-Mar ,7.43,2.09,3.038,0.81,3.26,0.9765,5.72,2.38,14.62,0.40
13-Mar ,7.48,2.07,3.043,0.77,3.08,0.9225,5.81,2.43,14.52,0.43
13-Mar ,7.52,2.09,3.001,0.69,3.14,0.9423,5.03,2.44,15.18,0.32
13-Mar ,7.53,2.00,2.96,0.72,3.11,0.9333,3.81,2.37,16.28,0.29
13-Mar ,7.53,2.05,2.975,0.71,2.61,0.7842,2.34,3.19,18.86,0.30
13-Mar ,7.55,2.08,2.968,1.01,3.08,0.9246,0.99,3.24,20.84,0.30
13-Mar ,7.54,2.06,3.038,1.08,3.52,1.0563,1.17,3.33,22.27,1.21
13-Mar ,7.54,2.06,2.991,1.07,3.73,1.1199,0.49,3.27,22.06,0.84
13-Mar ,7.54,2.05,2.938,0.85,3.83,1.1475,0.00,2.93,19.63,0.32
13-Mar ,7.54,2.10,3.023,0.66,4.08,1.2237,0.00,2.65,15.70,0.34
13-Mar ,7.53,2.13,3.069,0.57,3.75,1.125,0.00,2.36,11.49,0.30
13-Mar ,7.54,2.10,2.81,0.49,3.81,1.1421,0.00,1.78,8.52,0.17
13-Mar ,7.54,2.13,2.841,0.46,3.85,1.1544,0.00,1.41,8.52,0.15
14-Mar ,7.54,2.13,2.85,0.46,3.80,1.1385,0.00,1.54,9.11,0.00
14-Mar ,7.54,2.13,2.85,0.46,3.80,1.1385,0.00,1.54,9.11,0.00
14-Mar ,7.54,2.13,2.3635,0.46,3.80,1.1385,0.00,1.54,9.11,0.00
14-Mar ,7.54,2.13,2.85,0.46,3.80,1.1385,0.00,1.54,9.11,0.00
14-Mar ,7.54,2.13,2.85,0.46,3.80,1.1385,0.00,1.54,9.11,0.00
14-Mar ,7.54,2.13,2.85,0.46,3.80,1.1385,0.00,1.54,9.11,0.00
14-Mar ,7.54,2.13,2.85,0.46,3.80,1.1385,0.27,1.54,9.11,0.00
14-Mar ,7.54,2.13,2.85,0.46,3.80,1.1385,0.55,1.54,9.11,0.00
14-Mar ,7.54,2.13,2.87,0.46,3.92,1.1772,1.24,1.55,8.94,0.15
14-Mar ,7.54,1.97,2.523,0.74,5.84,1.7523,2.16,3.63,12.50,0.29
14-Mar ,7.49,2.00,2.884,0.80,5.65,1.6947,2.79,3.15,12.40,0.29
14-Mar ,7.55,2.02,3.044,0.73,5.71,1.7118,3.25,3.15,12.06,0.39
14-Mar ,7.55,2.04,2.758,0.68,5.69,1.7061,3.61,2.77,12.35,0.30
14-Mar ,7.54,1.97,2.833,0.68,5.55,1.6653,3.25,2.83,12.43,0.29
14-Mar ,7.54,1.97,3.005,0.72,5.47,1.6422,2.57,3.05,12.43,0.29
14-Mar ,7.54,1.98,2.714,0.74,5.45,1.6356,1.89,3.55,14.89,0.30
14-Mar ,7.54,1.98,2.992,0.81,5.64,1.6908,0.97,3.66,17.19,0.50
14-Mar ,7.54,1.95,3.053,0.86,5.55,1.6644,0.20,4.07,18.95,1.36
14-Mar ,7.54,2.03,2.987,0.88,5.25,1.5741,0.48,4.08,18.93,1.28
14-Mar ,7.55,2.01,2.902,0.92,4.81,1.4415,0.10,3.85,17.98,0.45
14-Mar ,7.55,2.06,2.992,0.76,4.59,1.3773,0.00,3.21,15.17,0.38
14-Mar ,7.55,2.05,1.585,0.71,4.33,1.2999,0.00,3.02,12.62,0.29
14-Mar ,7.55,2.04,2.79,0.66,4.29,1.2858,0.00,2.45,8.70,0.19
14-Mar ,7.58,1.94,2.644,0.61,3.62,1.086,0.00,1.49,9.79,0.15
15-Mar ,7.60,2.03,2.92,0.59,3.38,1.0149,0.00,1.51,10.15,0.00
15-Mar ,7.61,2.02,3.071,0.60,3.08,0.9243,0.00,1.42,9.59,0.00
15-Mar ,7.64,2.03,2.787,0.59,3.18,0.9552,0.00,1.42,9.21,0.00
15-Mar ,7.66,2.02,2.678,0.63,2.62,0.7845,0.00,1.44,9.26,0.00
15-Mar ,7.68,2.01,2.776,0.68,2.32,0.6945,0.00,1.47,11.11,0.00
15-Mar ,7.67,2.03,3.311,0.86,2.03,0.609,0.00,2.28,13.60,0.18
15-Mar ,7.67,2.02,2.93,1.06,2.13,0.6375,0.46,3.00,18.03,0.35
15-Mar ,7.67,2.02,3.032,1.20,1.92,0.5763,0.92,3.03,18.56,0.46
15-Mar ,7.68,2.00,2.991,1.14,2.04,0.6108,2.14,3.01,17.97,0.42
15-Mar ,7.68,2.00,2.832,1.09,2.25,0.6762,3.75,2.88,16.57,0.29
15-Mar ,7.70,2.00,2.746,1.04,2.59,0.7755,5.25,2.37,15.31,0.29
15-Mar ,7.70,2.00,2.757,1.04,2.72,0.8169,6.14,2.54,13.99,0.29
15-Mar ,7.74,2.00,2.995,0.85,2.73,0.8196,6.33,2.63,13.29,0.29
15-Mar ,7.76,1.99,2.908,0.84,2.75,0.825,5.93,2.74,13.43,0.31
15-Mar ,7.83,2.00,2.898,0.89,2.87,0.8601,4.92,2.86,13.87,0.37
15-Mar ,7.84,1.97,2.993,0.88,3.06,0.9168,3.58,3.49,15.75,0.35
15-Mar ,7.86,1.96,3.008,1.15,2.82,0.8466,1.74,4.02,18.50,0.36
15-Mar ,7.87,1.94,3.039,1.17,2.82,0.8454,0.28,4.12,20.96,0.96
15-Mar ,7.88,1.93,2.997,1.19,2.73,0.8181,0.28,4.10,21.16,0.84
15-Mar ,7.87,1.93,2.996,1.14,2.72,0.8166,0.28,3.62,19.62,0.41
15-Mar ,7.86,1.93,2.98,0.89,2.72,0.8169,0.28,3.33,16.07,0.29
15-Mar ,7.87,1.97,3.095,0.85,3.08,0.9228,0.28,2.98,11.20,0.36
15-Mar ,7.87,1.92,2.861,0.80,3.68,1.1025,0.28,2.28,8.60,0.15
15-Mar ,7.93,1.90,2.954,0.67,3.79,1.1379,0.28,1.98,8.78,0.18
16-Mar ,7.92,1.96,2.935,0.60,3.57,1.0722,0.28,1.79,8.73,0.00
16-Mar ,7.56,1.97,2.924,0.56,3.29,0.9873,0.28,1.59,8.47,0.00
16-Mar ,7.55,1.97,2.912,0.55,3.02,0.9072,0.28,1.59,8.00,0.00
16-Mar ,7.56,1.91,2.871,0.59,3.38,1.0152,0.28,1.59,7.28,0.00
16-Mar ,7.56,1.97,2.34,0.65,3.60,1.0806,0.28,1.64,8.72,0.00
16-Mar ,7.56,1.94,2.902,0.69,4.02,1.2051,0.28,1.94,10.97,0.15
16-Mar ,7.56,1.94,3.421,0.93,4.25,1.2735,0.54,2.59,14.68,0.29
16-Mar ,7.57,1.94,3.131,0.80,5.04,1.5123,0.79,2.67,15.00,0.29
16-Mar ,7.56,1.94,3.082,0.80,5.47,1.6401,1.62,2.40,14.97,0.29
16-Mar ,7.55,1.87,3.147,0.80,5.91,1.7721,2.38,2.20,14.05,0.31
16-Mar ,7.56,1.91,3.224,0.79,6.20,1.8609,2.69,2.18,13.74,0.34
16-Mar ,7.56,1.94,3.088,0.76,6.43,1.9296,2.76,2.18,13.70,0.29
16-Mar ,7.56,1.95,2.994,0.73,6.40,1.9206,2.57,2.17,13.17,0.29
16-Mar ,7.50,2.05,3.003,0.72,6.43,1.9299,2.64,2.47,12.69,0.29
16-Mar ,7.49,2.05,2.993,0.70,6.17,1.8507,2.33,2.74,12.78,0.34
16-Mar ,7.50,2.08,3.016,0.73,5.55,1.6659,1.56,3.28,15.23,0.32
16-Mar ,7.48,2.09,2.994,0.83,5.20,1.5612,0.68,3.77,17.49,0.32
16-Mar ,7.49,2.09,3.015,0.85,5.05,1.5153,0.78,3.94,19.29,0.98
16-Mar ,7.50,2.09,2.994,1.02,5.82,1.7466,0.34,3.74,17.94,1.27
16-Mar ,7.51,2.10,2.995,0.95,6.26,1.8765,0.00,3.48,16.19,0.41
16-Mar ,7.54,2.09,3.016,0.81,6.39,1.9182,0.00,3.00,13.16,0.39
16-Mar ,7.04,2.11,2.386,0.74,5.98,1.7931,0.00,2.89,9.84,0.29
16-Mar ,7.04,2.11,3.077,0.74,5.84,1.7526,0.00,2.45,7.13,0.20
16-Mar ,7.04,2.10,2.811,0.73,5.83,1.7484,0.00,1.81,7.15,0.14
17-Mar ,7.03,2.11,2.877,0.60,5.78,1.7343,0.00,1.70,7.27,0.00
17-Mar ,7.03,2.11,2.905,0.61,5.31,1.5915,0.00,1.71,6.41,0.00
17-Mar ,7.04,2.11,2.888,0.60,5.06,1.5189,0.00,1.64,6.25,0.00
17-Mar ,7.05,2.10,2.751,0.63,5.31,1.5918,0.00,1.57,5.51,0.00
17-Mar ,7.05,2.11,2.571,0.66,5.77,1.7322,0.00,1.64,6.55,0.00
17-Mar ,7.06,2.09,3.47,0.71,6.22,1.8648,0.12,1.85,8.37,0.28
17-Mar ,7.05,2.10,3.37,1.14,6.07,1.8198,0.23,2.55,12.26,0.56
17-Mar ,7.05,2.11,3.485,1.14,5.85,1.7553,1.04,2.66,12.86,0.74
17-Mar ,7.05,2.11,3.493,1.11,5.83,1.7496,2.30,2.67,12.47,0.91
17-Mar ,7.05,2.10,3.11,1.13,6.14,1.8423,2.96,2.66,12.31,0.47
17-Mar ,7.04,2.11,3.122,1.12,6.12,1.836,3.39,2.64,12.32,0.44
17-Mar ,7.05,2.09,3.084,1.17,6.31,1.8918,2.98,2.44,12.83,0.35
17-Mar ,7.04,2.09,3.123,0.98,6.57,1.9698,2.58,2.43,12.35,0.30
17-Mar ,7.05,2.09,3.111,0.99,6.62,1.9845,2.15,2.71,12.42,0.29
17-Mar ,7.04,2.09,3.118,1.03,6.70,2.0106,1.31,3.02,12.40,0.15
17-Mar ,7.04,2.09,3.163,1.05,6.83,2.0481,0.77,3.49,13.50,0.14
17-Mar ,7.04,2.08,3.104,1.13,6.92,2.0769,0.36,3.84,14.74,0.38
17-Mar ,7.04,2.09,3.216,1.23,6.94,2.0832,0.38,3.75,15.68,0.97
17-Mar ,7.04,2.09,3.196,1.24,7.04,2.1114,0.18,3.75,14.13,0.94
17-Mar ,7.05,2.09,3.054,1.24,6.86,2.058,0.00,3.37,12.39,0.30
17-Mar ,7.06,2.09,3.188,1.02,7.07,2.1222,0.00,2.88,9.14,0.32
17-Mar ,7.06,2.09,3.14,0.85,7.01,2.1021,0.00,2.14,6.54,0.29
17-Mar ,7.06,2.07,2.377,0.86,6.92,2.0745,0.00,1.55,5.17,0.16
17-Mar ,7.05,2.08,2.439,0.85,6.65,1.995,0.00,1.58,5.52,0.15
18-Mar ,7.05,2.09,2.428,0.79,6.29,1.8855,0.00,1.63,5.45,0.00
18-Mar ,7.05,2.09,2.429,0.77,6.01,1.8042,0.00,1.64,4.38,0.00
18-Mar ,7.04,2.09,2.446,0.75,5.75,1.7244,0.00,1.59,4.19,0.00
18-Mar ,7.05,2.09,2.362,0.77,5.41,1.623,0.00,1.60,4.06,0.00
18-Mar ,7.05,2.11,2.431,0.80,5.19,1.5567,0.00,1.85,4.65,0.00
18-Mar ,7.05,2.09,2.417,0.87,4.86,1.4583,0.00,1.71,5.70,0.15
18-Mar ,7.05,2.11,2.372,1.04,4.74,1.422,0.26,1.64,8.30,0.29
18-Mar ,7.05,2.11,3.094,1.15,4.71,1.4133,0.52,1.64,10.28,0.64
18-Mar ,7.04,2.09,3.012,1.15,4.56,1.3686,1.22,1.64,11.63,1.46
18-Mar ,7.05,2.11,2.99,1.23,4.67,1.3998,1.86,1.64,12.29,0.51
18-Mar ,7.05,2.09,3.018,1.05,4.81,1.4439,2.08,1.64,12.34,0.35
18-Mar ,7.06,2.09,3.004,1.07,5.35,1.6044,2.16,1.64,11.76,0.32
18-Mar ,7.05,2.10,2.993,1.07,5.21,1.563,2.03,1.64,11.55,0.50
18-Mar ,7.05,2.10,2.993,1.15,4.60,1.38,1.55,1.64,11.71,0.34
18-Mar ,7.05,2.10,3.025,1.12,4.48,1.3446,1.26,1.68,12.01,0.40
18-Mar ,7.05,2.11,3.013,1.08,4.24,1.2723,0.97,1.88,13.60,0.29
18-Mar ,7.05,2.11,3.037,1.12,4.00,1.1997,0.47,2.51,15.75,0.38
18-Mar ,7.04,2.09,2.996,1.26,4.07,1.2198,0.48,2.92,16.19,1.37
18-Mar ,7.06,2.11,2.976,1.27,4.07,1.2204,0.24,2.79,15.85,1.44
18-Mar ,7.06,2.11,2.923,1.16,4.60,1.3785,0.00,2.27,13.94,0.82
18-Mar ,7.05,2.11,3.111,1.12,4.94,1.4814,0.00,1.79,11.18,0.29
18-Mar ,7.05,2.11,2.526,1.03,5.70,1.71,0.00,1.42,8.33,0.19
18-Mar ,7.05,2.11,0.66,1.06,6.10,1.8288,0.00,1.37,7.72,0.15
18-Mar ,7.05,2.10,0.81,1.05,6.72,2.0172,0.00,1.20,5.81,0.09
19-Mar ,7.04,2.10,0.812,0.90,6.93,2.0793,0.00,1.35,6.01,0.00
19-Mar ,7.04,2.08,0.812,0.75,6.89,2.0655,0.00,1.20,5.00,0.00
19-Mar ,6.97,2.11,0.812,0.68,7.06,2.1183,0.00,0.81,4.67,0.00
19-Mar ,6.96,1.78,0.812,0.71,7.02,2.1066,0.00,0.81,4.41,0.00
19-Mar ,6.96,1.77,0.812,0.70,6.97,2.091,0.00,0.78,4.50,0.00
19-Mar ,6.97,2.11,0.812,0.70,6.87,2.0613,0.00,0.77,5.07,0.00
19-Mar ,6.97,2.10,0.812,0.79,6.83,2.0487,0.26,1.01,6.37,0.17
19-Mar ,6.97,2.04,0.744,0.83,6.87,2.0622,0.53,1.12,7.04,0.34
19-Mar ,6.97,2.11,3.079,0.98,6.94,2.0811,1.27,1.17,6.36,0.29
19-Mar ,6.97,2.13,2.988,1.09,7.09,2.1264,1.88,1.48,7.22,0.30
19-Mar ,6.96,2.13,2.972,1.07,7.47,2.2416,2.48,1.54,6.89,0.37
19-Mar ,6.98,2.13,2.855,1.02,7.72,2.3166,2.95,1.54,7.39,0.29
19-Mar ,6.97,2.12,2.804,0.89,7.96,2.3889,2.80,1.60,6.89,0.29
19-Mar ,6.96,2.12,2.863,0.90,7.33,2.1984,2.77,1.64,7.29,0.40
19-Mar ,6.97,2.13,2.934,0.86,6.90,2.0688,2.25,1.95,8.11,0.32
19-Mar ,6.96,2.13,2.846,0.86,6.59,1.977,1.46,2.13,10.59,0.35
19-Mar ,6.95,2.12,3.015,1.09,5.87,1.7598,0.63,2.35,12.70,0.63
19-Mar ,6.85,2.04,3.136,1.29,5.46,1.6389,0.73,3.03,13.71,1.16
19-Mar ,6.86,2.04,2.956,1.28,5.30,1.5906,0.32,3.29,14.06,1.19
19-Mar ,6.84,2.03,2.959,1.28,5.23,1.569,0.00,2.76,13.33,1.02
19-Mar ,6.85,2.03,3.005,1.12,4.91,1.4721,0.00,1.64,12.23,0.59
19-Mar ,6.86,2.11,3.191,1.13,4.58,1.3731,0.00,1.54,9.25,0.31
19-Mar ,6.85,2.06,2.579,1.11,4.29,1.2873,0.00,1.54,7.24,0.30
19-Mar ,6.85,2.11,2.587,1.06,3.89,1.1664,0.00,1.63,7.76,0.15
20-Mar ,6.85,2.10,2.558,1.06,4.19,1.2579,0.00,1.57,7.80,0.00
20-Mar ,6.85,2.07,2.598,1.02,5.03,1.5093,0.00,1.46,5.89,0.00
20-Mar ,6.85,2.11,1.976,0.82,6.23,1.869,0.00,1.29,4.99,0.00
20-Mar ,6.85,1.50,1.781,0.68,6.82,2.0469,0.00,1.25,4.78,0.00
20-Mar ,6.85,1.71,1.508,0.71,7.19,2.157,0.00,1.46,5.54,0.00
20-Mar ,6.84,2.10,2.791,0.71,7.52,2.2563,0.00,2.03,6.63,0.04
20-Mar ,6.84,2.11,3.116,0.78,7.86,2.3592,0.24,2.40,10.88,0.08
20-Mar ,6.84,2.11,3.029,0.78,7.48,2.2449,0.48,2.70,12.52,0.38
20-Mar ,6.83,2.11,3.041,0.81,7.38,2.2152,0.86,2.91,13.07,0.44
20-Mar ,6.83,2.11,2.692,0.77,7.15,2.1441,1.14,1.81,13.60,1.27
20-Mar ,6.64,2.09,2.864,0.83,7.02,2.1048,1.42,1.91,14.75,0.32
20-Mar ,6.63,2.09,2.892,0.91,7.63,2.2881,1.52,2.06,14.75,0.59
20-Mar ,6.65,2.09,2.918,0.88,7.35,2.2044,1.61,2.21,14.42,0.29
20-Mar ,6.84,2.07,2.927,0.71,7.32,2.1948,2.33,2.19,13.29,0.29
20-Mar ,6.85,2.06,2.994,0.74,7.34,2.2029,2.73,2.42,12.06,0.29
20-Mar ,6.85,2.07,3.006,0.78,7.33,2.1996,2.58,2.69,13.43,0.32
20-Mar ,6.84,2.07,3.018,0.86,7.44,2.2326,1.60,3.10,15.58,0.35
20-Mar ,6.82,2.09,3.18,1.18,6.60,1.9803,0.44,3.64,17.52,0.76
20-Mar ,6.85,2.09,2.985,1.10,5.76,1.7277,0.80,3.79,18.63,1.05
20-Mar ,6.85,1.95,2.975,1.01,5.09,1.5273,0.22,3.66,17.02,0.59
20-Mar ,6.85,1.45,3.151,0.94,6.10,1.8291,0.00,3.44,13.12,0.44
20-Mar ,6.85,1.45,3.192,0.88,6.73,2.0181,0.00,3.02,8.33,0.30
20-Mar ,6.85,1.22,2.66,0.86,7.06,2.1183,0.00,3.03,6.69,0.22
20-Mar ,6.64,1.22,2.695,0.77,7.17,2.1522,0.00,2.93,5.96,0.15
21-Mar ,6.63,1.22,2.728,0.77,7.13,2.1396,0.00,3.14,6.22,0.00
21-Mar ,6.63,1.22,2.728,0.77,7.13,2.1396,0.00,3.14,6.22,0.00
21-Mar ,6.63,1.22,2.728,0.77,7.13,2.1396,0.00,3.14,6.22,0.00
21-Mar ,6.63,1.22,2.728,0.77,7.13,2.1396,0.00,3.14,6.22,0.00
21-Mar ,6.63,1.22,2.728,0.77,7.13,2.1396,0.00,3.14,6.22,0.00
21-Mar ,6.63,1.22,2.728,0.77,7.13,2.1396,0.28,3.14,6.22,0.00
21-Mar ,6.63,1.22,2.728,0.77,7.13,2.1396,0.57,3.14,6.22,0.00
21-Mar ,6.63,1.22,2.728,0.77,7.13,2.1396,2.09,3.14,6.22,0.00
21-Mar ,6.63,1.22,2.728,0.77,7.13,2.1396,3.95,3.14,6.22,0.18
21-Mar ,6.84,1.44,1.025,1.10,7.56,2.2686,5.43,2.95,12.51,0.36
21-Mar ,6.69,1.45,1.039,0.93,7.63,2.2896,6.14,2.95,11.81,0.56
21-Mar ,6.64,1.45,0.995,0.81,7.45,2.2362,6.46,2.44,13.04,0.30
21-Mar ,6.64,1.38,1.06,0.62,7.25,2.1741,5.96,2.80,13.68,0.53
21-Mar ,6.82,1.44,1.02,0.63,6.74,2.0232,5.18,2.90,14.63,0.43
21-Mar ,6.83,1.45,1.03,0.67,5.81,1.7418,3.86,3.12,15.78,0.36
21-Mar ,6.85,1.45,1.573,0.96,5.46,1.6389,2.53,3.47,17.68,0.30
21-Mar ,6.84,1.45,3.038,1.11,4.45,1.3344,1.35,3.71,20.13,0.41
21-Mar ,6.84,1.45,3.036,1.18,4.11,1.2339,0.26,3.97,21.85,1.42
21-Mar ,6.91,1.45,2.957,1.23,3.71,1.1142,0.68,3.88,22.13,1.71
21-Mar ,6.94,1.45,2.979,1.22,3.41,1.0239,0.13,3.80,20.78,0.93
21-Mar ,6.95,1.45,2.969,1.10,3.17,0.9513,0.00,3.47,18.23,0.29
21-Mar ,6.95,1.45,2.94,0.99,2.87,0.8601,0.00,2.86,14.77,0.28
21-Mar ,6.95,1.45,2.965,0.97,2.81,0.8424,0.00,2.45,11.68,0.15
21-Mar ,6.81,1.45,2.91,0.93,2.97,0.891,0.00,2.47,11.03,0.14
22-Mar ,6.75,1.45,2.979,0.85,3.58,1.0749,0.00,2.51,11.30,0.00
22-Mar ,6.75,1.45,2.972,0.85,3.77,1.131,0.00,2.48,10.31,0.00
22-Mar ,6.76,1.45,2.942,0.85,4.09,1.2255,0.00,2.47,9.30,0.00
22-Mar ,6.75,1.45,2.395,0.84,4.22,1.2645,0.00,2.46,9.08,0.00
22-Mar ,6.83,1.45,2.538,0.91,4.42,1.3266,0.00,2.46,9.95,0.00
22-Mar ,6.83,1.45,2.777,0.91,4.67,1.4004,0.00,2.48,12.80,0.16
22-Mar ,6.83,1.45,2.808,1.07,4.81,1.4427,0.26,3.13,17.44,0.33
22-Mar ,6.83,1.45,2.884,1.15,4.64,1.3914,0.52,3.09,18.80,0.49
22-Mar ,6.90,1.45,2.856,1.15,4.89,1.4655,0.89,3.05,18.74,0.77
22-Mar ,7.07,1.45,2.558,1.12,5.48,1.6443,1.36,3.11,18.39,0.31
22-Mar ,7.06,1.45,2.605,1.05,5.79,1.7361,1.79,2.83,18.49,0.29
22-Mar ,7.06,1.45,2.661,0.98,5.47,1.6413,2.13,2.89,18.45,0.34
22-Mar ,7.13,1.49,2.947,0.85,5.67,1.6995,2.69,2.79,17.64,0.14
22-Mar ,7.17,1.56,2.636,0.94,5.68,1.7052,2.65,2.77,17.16,0.14
22-Mar ,7.17,1.78,2.808,0.86,5.28,1.5852,2.41,2.76,16.86,0.30
22-Mar ,7.17,2.07,2.836,0.95,5.87,1.7604,2.20,2.86,17.99,0.29
22-Mar ,7.16,2.08,3.156,1.02,5.05,1.5153,1.34,3.00,20.15,0.45
22-Mar ,7.17,2.09,3.176,1.23,4.85,1.4562,0.48,3.46,21.55,0.64
22-Mar ,7.18,2.09,2.955,1.25,4.43,1.3293,0.28,3.46,22.25,1.04
22-Mar ,7.21,2.09,2.955,1.14,4.19,1.257,0.28,3.11,21.20,0.41
22-Mar ,7.29,2.09,3.14,0.88,3.74,1.1217,0.28,2.55,17.90,0.58
22-Mar ,7.28,2.09,1.759,0.85,3.53,1.0602,0.28,2.47,15.25,0.29
22-Mar ,7.28,2.09,2.732,0.72,3.69,1.1073,0.28,1.39,11.89,0.29
22-Mar ,7.28,2.09,2.719,0.66,3.78,1.1334,0.28,1.43,11.03,0.15
23-Mar ,7.29,2.09,2.736,0.65,3.57,1.0716,0.28,1.49,11.95,0.00
23-Mar ,7.30,2.00,2.701,0.60,3.66,1.0986,0.28,1.51,11.05,0.00
23-Mar ,7.31,2.09,2.669,0.63,3.70,1.1106,0.28,1.42,10.31,0.00
23-Mar ,7.31,2.09,2.812,0.73,3.67,1.1022,0.28,1.38,9.29,0.00
23-Mar ,7.33,2.10,2.687,0.78,3.67,1.1016,0.28,1.54,10.28,0.00
23-Mar ,7.36,2.09,3.101,0.79,3.83,1.1493,0.28,2.13,12.70,0.22
23-Mar ,7.36,2.09,3.186,1.09,3.96,1.1871,0.47,2.36,17.19,0.44
23-Mar ,7.36,2.09,3.044,1.24,4.11,1.2327,0.67,2.60,17.51,0.82
23-Mar ,7.37,2.09,2.966,1.09,4.51,1.3518,1.49,2.62,17.42,0.46
23-Mar ,7.36,2.09,2.893,1.09,4.27,1.2822,2.80,2.62,16.26,0.29
23-Mar ,7.38,2.09,2.335,1.00,4.14,1.2426,3.92,2.62,16.15,0.30
23-Mar ,7.29,2.07,2.127,0.95,4.85,1.455,4.07,2.57,15.70,0.33
23-Mar ,7.37,2.05,2.989,0.91,4.97,1.4904,4.06,2.17,14.52,0.30
23-Mar ,7.37,2.05,2.947,0.90,4.64,1.3932,3.86,2.20,14.49,0.14
23-Mar ,7.38,2.05,3.001,0.92,4.67,1.4013,3.67,2.12,14.48,0.16
23-Mar ,7.39,1.99,2.968,0.99,4.68,1.4049,2.98,2.27,16.44,0.29
23-Mar ,7.38,2.05,2.966,1.18,4.76,1.4265,1.80,3.03,17.94,0.44
23-Mar ,7.38,2.05,3.006,1.30,5.13,1.5378,0.47,3.05,19.54,0.80
23-Mar ,7.40,2.09,2.985,1.32,5.06,1.5171,0.90,3.21,19.83,1.72
23-Mar ,7.41,2.09,2.989,1.28,4.93,1.4778,0.24,2.99,19.07,0.59
23-Mar ,7.40,2.09,2.986,0.90,4.72,1.4148,0.00,2.33,16.86,0.30
23-Mar ,7.39,2.09,3.008,0.89,4.56,1.3683,0.00,2.05,12.71,0.32
23-Mar ,7.41,2.09,2.816,0.84,4.45,1.3338,0.00,1.75,11.05,0.15
23-Mar ,7.41,2.09,2.867,0.78,4.35,1.3053,0.00,1.73,10.69,0.16
24-Mar ,7.40,2.09,2.904,0.75,4.14,1.242,0.00,1.60,10.87,0.00
24-Mar ,7.40,2.09,2.89,0.76,4.04,1.2123,0.00,1.53,9.84,0.00
24-Mar ,7.28,2.08,2.847,0.76,4.18,1.2546,0.00,1.40,9.30,0.00
24-Mar ,7.29,2.09,2.856,0.76,4.15,1.2459,0.00,1.41,8.69,0.00
24-Mar ,7.31,2.09,2.888,0.79,3.98,1.1928,0.00,1.45,9.74,0.00
24-Mar ,7.31,2.08,2.892,0.83,3.87,1.1622,0.16,1.86,12.76,0.29
24-Mar ,7.31,2.09,3.094,1.11,3.71,1.1115,0.31,2.24,17.15,0.59
24-Mar ,7.31,2.09,3.025,1.29,3.35,1.0038,1.08,2.45,18.00,1.20
24-Mar ,7.31,2.09,3.03,1.29,3.19,0.9555,1.97,2.46,17.96,1.36
24-Mar ,7.32,2.08,2.978,1.16,2.90,0.8697,2.97,2.28,17.66,0.76
24-Mar ,7.35,2.09,2.979,1.13,2.78,0.8334,3.90,1.91,17.39,0.71
24-Mar ,7.34,2.09,2.946,1.09,2.44,0.7311,4.89,1.89,17.22,0.45
24-Mar ,7.33,2.09,2.947,0.94,2.50,0.7488,5.20,1.68,16.54,0.25
24-Mar ,7.34,2.09,2.979,0.84,2.49,0.7458,5.43,1.97,15.60,0.14
24-Mar ,7.34,2.09,2.748,0.91,2.60,0.7812,5.14,1.93,15.39,0.14
24-Mar ,7.34,2.09,3.004,1.12,2.71,0.8142,3.98,2.15,16.75,0.46
24-Mar ,7.34,2.09,3.035,1.23,2.50,0.7503,2.18,2.59,18.68,0.73
24-Mar ,7.36,2.06,2.985,1.35,2.47,0.7395,0.59,3.39,18.93,1.57
24-Mar ,7.37,2.09,3.019,1.35,2.50,0.7491,0.21,3.71,19.51,1.75
24-Mar ,7.37,2.09,2.997,1.27,2.66,0.7974,0.21,2.67,19.14,1.21
24-Mar ,7.37,2.09,3.03,1.15,2.62,0.7848,0.21,2.17,17.01,1.03
24-Mar ,7.36,2.09,2.972,1.00,2.45,0.7344,0.21,2.00,14.36,0.30
24-Mar ,7.36,2.09,2.834,0.78,2.24,0.6723,0.21,1.48,13.02,0.51
24-Mar ,7.19,2.08,2.923,0.90,2.27,0.681,0.21,1.45,12.74,0.15
25-Mar ,7.13,2.08,2.857,0.99,2.01,0.6015,0.21,1.12,12.69,0.00
25-Mar ,7.12,2.09,2.894,0.71,2.09,0.6279,0.21,0.87,12.12,0.00
25-Mar ,7.32,2.09,2.894,0.69,2.28,0.6831,0.21,0.91,11.30,0.00
25-Mar ,7.34,2.09,2.885,0.69,2.25,0.6753,0.21,0.79,10.85,0.00
25-Mar ,7.33,2.05,2.939,0.73,2.14,0.6423,0.21,0.76,11.49,0.00
25-Mar ,7.34,2.08,3.014,0.80,2.17,0.6495,0.47,0.90,11.33,0.04
25-Mar ,7.35,2.09,3.248,0.93,1.95,0.5838,0.74,0.87,12.45,0.08
25-Mar ,7.34,2.09,3.217,1.02,2.02,0.6066,2.38,0.58,13.60,0.31
25-Mar ,7.34,2.09,3.027,1.12,2.09,0.6282,4.14,0.55,13.83,0.29
25-Mar ,7.34,2.09,2.992,1.06,2.11,0.633,5.73,0.54,12.68,0.24
25-Mar ,7.13,2.09,2.992,0.99,2.08,0.6225,6.88,0.52,11.66,0.17
25-Mar ,7.12,2.09,2.992,0.84,2.05,0.6141,7.60,0.41,11.15,0.08
25-Mar ,7.13,2.08,2.994,0.84,2.20,0.6609,7.60,0.32,10.28,0.10
25-Mar ,7.27,2.08,2.992,0.76,2.20,0.6606,7.04,0.36,9.83,0.14
25-Mar ,7.33,2.09,2.992,0.88,2.22,0.6663,6.04,0.39,10.20,0.14
25-Mar ,7.33,2.09,3.045,0.95,2.23,0.6678,4.41,0.35,12.70,0.26
25-Mar ,7.32,2.05,3.018,1.17,2.35,0.7035,2.45,1.06,15.79,0.35
25-Mar ,7.34,2.05,2.984,1.27,2.36,0.7071,0.72,1.23,17.11,1.61
25-Mar ,7.34,2.05,3.014,1.28,2.20,0.6606,1.23,1.35,18.72,1.74
25-Mar ,7.34,2.05,2.977,1.27,2.17,0.6507,0.36,1.27,18.17,0.49
25-Mar ,7.34,2.05,3.001,1.02,2.14,0.6426,0.00,0.81,16.62,0.41
25-Mar ,7.34,2.09,3.001,0.96,2.03,0.6087,0.00,0.84,13.67,0.47
25-Mar ,7.34,2.07,3.219,0.85,2.07,0.6195,0.13,0.63,11.65,0.21
25-Mar ,7.35,2.09,3.095,0.66,2.02,0.6051,0.26,0.53,9.97,0.47
26-Mar ,7.34,2.08,2.694,0.80,1.95,0.58485,0.00,0.65,11.39,0.00
26-Mar ,7.33,2.09,3.564,0.74,1.83,0.5502,0.13,0.67,11.14,0.00
26-Mar ,7.34,2.09,3.691,0.72,1.89,0.5673,0.00,0.63,10.13,0.00
26-Mar ,7.14,2.09,3.47,0.73,1.87,0.5619,0.00,0.56,10.11,0.00
26-Mar ,7.15,2.09,3.362,0.74,2.01,0.6027,0.00,0.55,9.69,0.00
26-Mar ,7.16,2.07,3.556,0.79,2.16,0.6492,0.00,0.57,10.18,0.00
26-Mar ,7.32,2.08,3.281,0.90,1.80,0.54,0.33,0.87,10.97,0.15
26-Mar ,7.34,2.09,3.465,0.92,2.00,0.5985,0.66,0.55,10.32,0.29
26-Mar ,7.34,2.09,3.374,0.99,1.91,0.5718,2.17,0.59,11.10,0.30
26-Mar ,7.34,2.09,3.293,1.00,1.65,0.4962,4.01,0.47,11.50,0.31
26-Mar ,7.34,2.09,3.112,0.96,1.45,0.4341,5.78,0.55,11.28,0.07
26-Mar ,7.34,2.09,2.993,0.89,1.54,0.4617,6.97,0.44,10.65,0.07
26-Mar ,7.35,2.09,2.991,0.82,1.55,0.4653,7.47,0.54,9.70,0.07
26-Mar ,7.35,2.09,2.992,0.82,1.60,0.4791,7.30,0.54,9.22,0.07
26-Mar ,7.34,2.09,3.049,0.84,1.38,0.4146,6.39,0.50,9.71,0.16
26-Mar ,7.14,2.09,3.267,0.93,1.50,0.4491,5.18,0.55,11.35,0.14
26-Mar ,7.14,2.09,3.311,0.97,2.14,0.6417,3.60,0.55,12.88,0.30
26-Mar ,7.14,2.09,3.31,1.20,2.58,0.7725,1.90,0.64,14.04,0.47
26-Mar ,7.31,2.09,3.471,1.25,2.87,0.8613,0.53,0.64,16.02,0.59
26-Mar ,7.34,2.09,3.337,1.24,3.05,0.9162,0.26,0.62,16.65,1.30
26-Mar ,7.36,2.09,3.292,0.92,3.05,0.9147,0.26,0.62,15.78,0.29
26-Mar ,7.36,2.09,3.301,0.85,2.67,0.8001,0.26,0.62,12.87,0.29
26-Mar ,7.36,2.09,3.452,0.76,2.25,0.6753,0.26,0.76,10.21,0.29
26-Mar ,7.36,2.09,2.7875,0.75,2.41,0.72315,0.26,0.58,11.44,0.15
27-Mar ,7.37,2.09,3.429,0.66,2.15,0.6462,0.26,0.53,10.01,0.00
27-Mar ,7.16,2.09,3.478,0.64,1.76,0.5277,0.26,0.53,11.15,0.00
27-Mar ,7.15,2.09,3.466,0.63,1.49,0.4467,0.26,0.58,10.81,0.00
27-Mar ,7.15,2.09,3.458,0.63,1.44,0.432,0.26,0.63,10.60,0.00
27-Mar ,7.34,2.09,2.963,0.69,1.11,0.3339,0.26,0.97,12.04,0.06
27-Mar ,7.35,2.09,3.489,0.77,1.00,0.2985,0.26,1.63,14.73,0.13
27-Mar ,7.36,2.08,3.135,1.13,1.07,0.3207,0.27,2.00,19.44,1.21
27-Mar ,7.35,2.08,2.985,1.30,1.03,0.309,0.29,2.22,21.06,1.39
27-Mar ,7.36,2.08,1.7445,1.13,1.07,0.3207,0.00,2.00,9.72,1.21